Workbook

Sheet 요약
A1: 2026 고용24 국민참여 AI 고용서비스 발굴 해커톤 · 아이디어 분석 요약
A2: 개인 참가 기준 · 조사일 2026-09-29 · 순위는 '4_평가점수' 시트의 점수·가중치를 바꾸면 자동 갱신됨
B4: ① 공모전 핵심
B5: 접수 마감 | C5: 2026.10.13(화) — 1차 기획안 PDF 10쪽 이내(구글폼)
B6: 진행 | C6: 10월 1차 심사(20팀) → 10~11월 온라인 MVP 개발(2주) → 11월 2차 기능심사 → 11~12월 본선·시상
B7: 요구 사항 | C7: AI를 접목한 고용24 서비스 MVP / 고용24 OpenAPI·EIS·ELDS·공공데이터포털 선택 활용
B8: 시상 | C8: 총 10점 1,000만원(온누리상품권): 대상 300 · 최우수 200 · 우수 150×2 · 장려 50×2 · 참가상 25×4
B10: ② 핵심 발견
B11: 고용24는 2026.6.30 AI 서비스 3종(취업확률 구직컨설팅 · 채용확률 구인컨설팅/AI 인재추천 · AI 구인공고 검증)을 이미 출시(8월 정식).
B12: → '역량 갭→훈련 추천', '구인공고 작성 도우미'는 기존 서비스와 사실상 같아 제외 권장.
B13: 2026.8.20 고용센터 개편(실업인정 AI 자동화, '나만의 AI 고용센터')으로 제도 안내·추천형 챗봇도 겹칠 위험이 큼.
B14: 빈틈: ① 구직자가 직접 쓰는 공고·계약서 검증(거짓 구인광고 신고 매년 증가, 2026 상반기 323건) ② 공식 기록에 없는 경력의 역량화.
B16: ③ 현재 점수 기준 TOP 3 (자동 계산)
B17: 순위 | C17: 아이디어 | D17: 가중 총점 | E17: 판정
B18: 1 | C18: =INDEX('4_평가점수'!$B$6:$B$12,MATCH(1,'4_평가점수'!$J$6:$J$12,0)) | D18: =INDEX('4_평가점수'!$I$6:$I$12,MATCH(1,'4_평가점수'!$J$6:$J$12,0)) | E18: =INDEX('4_평가점수'!$K$6:$K$12,MATCH(1,'4_평가점수'!$J$6:$J$12,0))
B19: 2 | C19: =INDEX('4_평가점수'!$B$6:$B$12,MATCH(2,'4_평가점수'!$J$6:$J$12,0)) | D19: =INDEX('4_평가점수'!$I$6:$I$12,MATCH(2,'4_평가점수'!$J$6:$J$12,0)) | E19: =INDEX('4_평가점수'!$K$6:$K$12,MATCH(2,'4_평가점수'!$J$6:$J$12,0))
B20: 3 | C20: =INDEX('4_평가점수'!$B$6:$B$12,MATCH(3,'4_평가점수'!$J$6:$J$12,0)) | D20: =INDEX('4_평가점수'!$I$6:$I$12,MATCH(3,'4_평가점수'!$J$6:$J$12,0)) | E20: =INDEX('4_평가점수'!$K$6:$K$12,MATCH(3,'4_평가점수'!$J$6:$J$12,0))
B22: ④ 분석 의견
B23: 1순위 '공고·계약 조건 비교 체커': 정부의 거짓 구인광고 대응 강화(직업안정법 개정 2026.12.10 시행)와 맞물리고, 기존 행정용 검증을 '구직자 측'으로 넓히는 보완재라 연계 논리가 좋음. 개인 2주 구현도 현실적.
B24: 2순위 '경력 번역기': 생성형 AI가 꼭 필요한 이유가 가장 뚜렷하고 발표 스토리가 강함. 기존 고용24 AI 앞단에 붙는 구조로 설명 가능.
B25: 1·2번 결합안도 가능: 다만 개인 2주 MVP 범위를 넘기 쉬우므로 기획안에서는 하나를 주 기능으로 두고 다른 하나는 확장 계획으로 서술 권장.
B26: 주의: 가중치는 추정값. 공모전 홈페이지의 공식 심사 기준을 확인한 뒤 '4_평가점수' 노란 칸을 수정하면 순위가 자동 갱신됨.

Sheet 1_현황문제
A1: 1. 고용24·고용서비스 현황과 개선 필요점
A2: [사실] = 기사·공식자료 근거 / [분석] = 조사 결과를 바탕으로 한 추론. 출처는 '5_출처' 시트 참고. 조사 기준일 2026-09-29
A4: ID | B4: 영역 | C4: 현재 문제·개선 필요점 | D4: 근거(수치·사실) | E4: 영향 대상 | F4: 현재 대응(기존 서비스) | G4: 남은 빈틈 = 아이디어 기회 | H4: 관련 아이디어
A5: P1 | B5: 사용성 | C5: 워크넷·HRD-Net·고용보험 통합으로 메뉴가 방대하고 오류가 잦아, 원하는 서비스를 찾아가기 어려움 | D5: [사실] 2024.10 정식 출범 후 열흘간 민원 762건, 앱 별점 iOS 1.3 / Android 1.7(2024.10.4 기준). "워크넷이 더 편했다" 등 불만. 현재 수치는 미확인 | E5: 전 이용자 | F5: 지속 개선 중, 2026.8 '나만의 AI 고용센터' 개편 발표 | G5: 메뉴를 몰라도 목적을 말하면 해당 기능으로 연결해 주는 방식 | H5: 3, 5
A6: P2 | B6: 제도 복잡성 | C6: 실업급여·국민취업지원제도·내일배움카드·육아휴직급여 등 제도가 많고 자격·서류가 복잡해 몰라서 못 받거나 신청 중 막힘 | D6: [사실] 육아휴직급여 신청 오류·실업급여 구직신청 문자 깨짐 등 기능 장애 민원(2024.10). [분석] 조회 서비스는 있으나 신청 완료까지 돕는 기능은 약함 | E6: 실직자, 구직 청년, 육아휴직자 | F6: 정부24 혜택알리미·보조금24(조회), 1350 챗봇(실업급여 Q&A) | G6: 개인 상황별 '신청 완료까지' 동행, 반려 사유 사전 점검 | H6: 3
A7: P3 | B7: 상담 부족 | C7: 고용센터 상담이 서류 확인 위주라 실제 취업 상담 시간이 짧음 | D7: [사실] 기존 취업 상담 20분 미만. 대전고용센터 시범에서 1인당 상담 18분 → 73.8분. 2026.8.20 전국 102개 센터 개편 발표(실업인정·지원금 심사 AI 자동화) | E7: 구직자, 고용센터 직원 | F7: 국가 고용서비스 혁신방안(정부 직접 추진) | G7: [분석] 정부가 직접 개편 중인 영역이라 공모 아이디어로는 겹침 위험 큼 | H7: 3
A8: P4 | B8: 거짓·부적정 구인광고 | C8: 공고와 실제 근로조건이 다른 거짓 구인광고가 매년 증가. 구직자가 스스로 확인할 도구 없음 | D8: [사실] 신고 334건(2022) → 365(2023) → 404(2024) → 416(2025), 2026 상반기만 323건. 수사의뢰 2026 상반기 25건(2025 전체 29건의 86%). 개정 직업안정법 2026.12.10 시행 예정 | E8: 청년·아르바이트·고령·첫 취업 구직자 | F8: 고용24 'AI 구인공고 검증'(행정직원용, 등록 공고의 차별·최저임금 미달 점검), 노동부 민간포털 통합 모니터링·AI 점검 모델 개발 계획 | G8: [분석] 기존 검증은 '행정직원이 등록 시점에' 점검. '구직자가 계약 시점에' 공고와 근로계약서를 교차 확인하는 도구는 없음. 민간 포털 공고도 사각지대 | H8: 1
A9: P5 | B9: 비정형 경력 표현 격차 | C9: 자영업·가사·돌봄·군 복무 등 공식 기록에 없는 경력을 직무 역량 언어로 표현하지 못해, 이력서·AI 분석 입력 자체가 약함 | D9: [사실] 통합경력증명서는 흩어진 고용보험 경력을 모아 줌. [분석] 고용보험 미가입 경력은 누락되며, AI 취업확률 분석도 입력된 이력에 의존 | E9: 중장년, 경력단절여성, 폐업 자영업자, 전역 군인 | F9: 고용24 잡케어, 중장년내일센터 전직지원, 사람인 AI 서류합격 코칭(경력직 중심) | G9: 비공식 경력을 표준 직무 역량으로 '번역'해 기존 AI 서비스의 입력 품질을 높이는 앞단 도구 | H9: 2
A10: P6 | B10: 통계 활용 어려움 | C10: 고용행정통계(EIS)는 풍부하지만 표·필터 중심이라 일반 국민이 개인 의사결정에 쓰기 어려움 | D10: [사실] EIS는 구인·구직을 사업장 규모·학력·임금·채용형태별로 월 단위 제공(OpenAPI 포함). [분석] 전문가용 화면 | E10: 구직자, 진로 고민 청년, 소상공인 | F10: EIS 웹사이트·OpenAPI, 잡케어 취업시장 정보 | G10: 자연어 질문 → 통계 조회 → 쉬운말 해설 | H10: 4
A11: P7 | B11: 디지털 약자 접근성 | C11: 고령자·저문해자·장애인·외국인에게 메뉴·텍스트 중심 UI는 진입장벽 | D11: [사실] 앱 평점·오류 민원(P1). [분석] 고령 구직자 비중 증가 추세와 맞물려 접근성 수요 증가 | E11: 고령자, 시각장애인, 외국인 | F11: 1350 전화상담·챗봇, 고용센터 방문 | G11: 음성·쉬운말 대화형 인터페이스 | H11: 5
A12: P8 | B12: 역량 부족 구직자의 훈련 연결 | C12: 부족 역량을 모른 채 구직하다 장기 실업으로 이어짐 | D12: [사실] 2026.6.30 고용24 '취업확률 기반 구직컨설팅' 출시: 2개월 내 취업확률, 필요한 훈련·자격증·자소서 보완 제시, AI 훈련·일자리 추천 연계 | E12: 구직자 | F12: 고용24 취업확률 기반 구직컨설팅(8월 정식) | G12: [분석] 기존 서비스로 대부분 해소 → 새 아이디어로는 차별성 낮음 | H12: 6
A13: P9 | B13: 소상공인 채용 어려움 | C13: 소상공인은 공고 작성·적정 임금 설정이 어려워 채용 실패 반복 | D13: [사실] 2026.6.30 '채용확률 기반 구인컨설팅'(임금·근로형태 조정안), AI 구인공고 작성 지원, AI 인재추천 고도화(8개 항목 적합도·추천 이유) 출시 | E13: 소상공인, 구인기업 | F13: 고용24 구인컨설팅·AI 인재추천 | G13: [분석] 기존 서비스로 대부분 해소 → 새 아이디어로는 차별성 낮음 | H13: 7

Sheet 2_기존서비스
A1: 2. 현재 나와 있는 관련 시스템
A2: '한계(분석)'는 공개 자료 기준 추론이며 실제 기능과 다를 수 있음. 제출 전 고용24에서 직접 사용해 확인 권장
A4: No | B4: 구분 | C4: 서비스명 | D4: 운영 | E4: 대상 | F4: 주요 기능 | G4: 시점 | H4: 한계(분석) | I4: 겹치는 아이디어
A5: 1 | B5: 공공 | C5: 고용24 취업확률 기반 구직컨설팅 (+AI 직업훈련·일자리 추천) | D5: 고용노동부·고용정보원 | E5: 구직자 | F5: 희망 직종 2개월 내 취업확률 분석, 필요한 훈련·자격증·자소서·이력서 보완 사항 제시, 훈련·일자리 추천 연계 | G5: 2026.6.30 시범 → 8월 정식 | H5: 등록된 이력·경력이 입력 → 비공식 경력은 분석에 반영되기 어려움 | I5: 2, 6
A6: 2 | B6: 공공 | C6: 고용24 채용확률 기반 구인컨설팅 / AI 구인공고 작성 / AI 인재추천 | D6: 고용노동부·고용정보원 | E6: 구인기업 | F6: 임금·근로형태 등 채용조건 조정안, 공고 작성 지원, 직무·경력·임금·자격 등 8개 항목 적합도와 추천 이유·이력 요약 | G6: 2026.6.30 시범 → 8월 정식 | H6: 구인기업 측 AI 지원은 이미 폭넓게 제공 | I6: 7
A7: 3 | B7: 공공 | C7: 고용24 AI 구인공고 검증 | D7: 고용노동부·고용정보원 | E7: 고용센터 행정직원 | F7: 고용24 등록 공고의 성별·연령 차별, 최저임금 미달 등 법 위반 가능성 사전 점검 | G7: 2026.6.30 시범 → 8월 정식 | H7: 행정직원용이며 고용24 등록 공고만 대상. 구직자가 직접 쓰는 기능 없음. 실제 근로계약서와의 비교 없음 | I7: 1
A8: 4 | B8: 공공 | C8: 고용24 잡케어 | D8: 고용정보원 | E8: 전 연령 구직자 | F8: AI·빅데이터 기반 경력개발 로드맵, 취업시장 정보, 추천 정보 | G8: 운영 중 | H8: 기존 경력·학력 데이터 중심 | I8: 2, 4
A9: 5 | B9: 공공 | C9: 고용24 통합경력증명서 | D9: 고용정보원 | E9: 5060 재취업자 등 | F9: 흩어진 고용보험 가입 경력을 하나로 통합 발급 | G9: 운영 중 | H9: 고용보험 미가입 경력(자영업·가사·돌봄 등) 누락 | I9: 2
A10: 6 | B10: 공공 | C10: 국가 고용서비스 혁신방안 ('나만의 AI 고용센터') | D10: 고용노동부 | E10: 구직자 | F10: 실업인정·지원금 심사 AI 자동화, AI가 구직자를 자기주도형/집중지원형으로 분류해 서비스 추천, 고용24를 디지털 고용센터로 개편 | G10: 2026.8.20 발표(추진 중) | H10: 정부가 직접 추진하는 영역 → 제도 안내·추천형 아이디어와 겹칠 위험 | I10: 3
A11: 7 | B11: 공공 | C11: 고용노동부 고객상담센터 챗봇(1350) | D11: 고용노동부 | E11: 국민 | F11: 실업급여·관할 고용센터 등 행정 문의 대화형 안내 | G11: 운영 중 | H11: Q&A 중심, 개인 상황별 신청 동행·서류 점검은 없음 | I11: 3, 5
A12: 8 | B12: 공공 | C12: 정부24 혜택알리미 / 보조금24 | D12: 행정안전부 | E12: 국민 | F12: 개인 자격 조건에 맞는 정부·공공기관 혜택 통합 조회·신청 | G12: 운영 중 | H12: 조회 중심, 고용 제도 신청 과정 지원은 약함 | I12: 3
A13: 9 | B13: 공공 | C13: 고용행정통계(EIS) / 고용노동데이터(ELDS) | D13: 고용정보원 | E13: 전문가·일반 | F13: 구인·구직·고용보험 통계, OpenAPI 제공 | G13: 운영 중 | H13: 표·필터 중심, 일반인 해석 어려움 | I13: 4
A14: 10 | B14: 민간 | C14: 사람인 AI 서류합격 코칭 / 커리어 매칭 에이전트 | D14: 사람인 | E14: 구직자 | F14: 자소서 문항·초안 생성, 이력서를 공고와 대조해 보완 방향·합격 가능성 제시, AI 취업 비서 | G14: 2026.5 출시 | H14: 경력직·사무직 중심, 민간 공고 중심 | I14: 2, 6
A15: 11 | B15: 민간 | C15: 잡코리아 LOOP AI | D15: 잡코리아 | E15: 구직자 | F15: 이력서·희망 조건 기반 공고 추천·포지션 제안 | G15: 운영 중 | H15: 추천 중심 | I15: 6
A16: 12 | B16: 민간 | C16: 잡브릿지 AI 직무 전환 리포트 | D16: 민간(소규모) | E16: 전직 희망자 | F16: 고용노동 공공데이터 + AI로 직무 전환 경로 리포트 | G16: 운영 중 | H16: 소규모 민간, 고용24와 연계 안 됨, 비공식 경력 특화 아님 | I16: 2

Sheet 3_아이디어상세
A1: 3. 아이디어 후보 상세 비교
A2: MVP 범위 = 개인이 2주 안에 실제로 작동시킬 수 있는 핵심 기능 기준. 빨간 배경 = 기존 고용24 서비스와 중복되어 제외 권장
A4: 번호 | B4: 아이디어명 | C4: 한 줄 설명 | D4: 해결 문제(ID) | E4: 주요 대상 | F4: MVP 핵심 기능(2주 범위) | G4: AI 역할 | H4: 활용 데이터 | I4: 가장 가까운 기존 서비스 | J4: 차별점 | K4: 장점 | L4: 단점·리스크 | M4: 리스크 대응 | N4: 독창성·창의성 평가
A5: 1 | B5: 공고·계약 조건 비교 체커 ("이 조건 맞아요?") | C5: 구직자가 공고와 근로계약서를 올리면 AI가 조건 불일치와 법 기준 위반 가능성을 표시하고, 사업주에게 물어볼 질문과 신고 경로를 안내 | D5: P4 (P2) | E5: 청년·아르바이트·고령·첫 취업 구직자 | F5: ① 공고 텍스트/고용24 공고번호 입력 → 임금·시간·수습·휴일 조건 구조화 ② 계약서 사진 업로드 → 조건 추출 ③ 공고 vs 계약서 vs 법 기준(최저임금·주휴·수습 감액) 비교표 ④ 불일치 항목별 확인 질문 + 1350·거짓 구인광고 신고 안내 | G5: 공고·계약서 같은 비정형 문서 이해(이미지 판독·정보 추출), 조건 비교 해설, 쉬운말 설명. 최저임금 계산 등 법 기준은 규칙 기반으로 처리해 환각 방지 | H5: 고용24 채용정보 OpenAPI(공고 상세), EIS 직종·지역별 구인 임금(평균 비교), 최저임금 고시(공공데이터), 법제처 법령 OpenAPI(근로기준법·직업안정법) | I5: 고용24 AI 구인공고 검증(행정직원용), 노동부 AI 구인광고 점검 모델(개발 계획), 거짓 구인광고 체크리스트(정책브리핑) | J5: 기존: 행정직원이 공고 등록 시점에 점검 본 아이디어: 구직자가 계약 시점에 직접 점검 + 실제 계약서와 교차 비교 + 민간 포털 공고도 입력 가능 | K5: 피해 예방이라 체감도 높음 / 정책 흐름과 일치(신고 증가, 직업안정법 12.10 시행) / 개인 2주 구현 가능 / 시연 임팩트 큼 | L5: '위반 판정'으로 오해될 위험 / 계약서 개인정보 / 행정용 검증과 겹쳐 보일 수 있음 | M5: '위반'이 아닌 '확인 필요' 표현 + 근거 조문 표시 / 이미지 비저장·마스킹 / 행정용 검증의 '구직자 측 보완재'로 포지셔닝(신고 데이터 환류) | N5: 높음: 공공 영역에서 구직자가 공고와 계약서를 교차 검증하는 서비스는 조사 범위에서 확인되지 않음
A6: 2 | B6: 경력 번역기 | C6: 자영업·가사·돌봄·군 복무·봉사 등 비정형 경력을 이야기하듯 말하면 AI가 표준 직무 역량으로 번역해 전직 가능 직종과 이력서 문장을 제안 | D6: P5 | E6: 중장년, 경력단절여성, 폐업 자영업자, 전역 군인 | F6: ① 대화형 경력 인터뷰(5~7문항) ② 역량 추출 → 고용24 직업정보 기반 직종 매핑(상위 3~5개) ③ 해당 직종 실제 공고 연결 ④ 고용24 이력서 입력 형식에 맞춘 경력 문장 생성 | G6: 인터뷰 질문 생성, 비정형 서술에서 역량 키워드 추출, 직무 매핑 이유 설명, 문장 생성. 생성형 AI 없이는 불가능한 핵심 기능 | H6: 고용24 직업정보 OpenAPI(직업별 수행 직무·필요 역량), 채용정보 OpenAPI, EIS 직종별 구인 추이 | I6: 고용24 잡케어·취업확률 기반 구직컨설팅, 통합경력증명서, 사람인 AI 서류합격 코칭, 잡브릿지 AI 직무 전환 리포트 | J6: 기존: 이미 정리된 이력서·고용보험 경력을 입력받아 분석 본 아이디어: 그 이전 단계로, 공식 기록에 없는 경력을 역량 언어로 만들어 기존 고용24 AI의 입력 품질을 높임(경쟁이 아니라 앞단 연결) | K6: AI 필연성 최고 / 발표 스토리텔링 강함 / 구현 단순(LLM + 직업정보 API) / 기존 고용24 AI와의 연계 논리가 명확 | L6: 대상 계층이 좁아 보일 수 있음 / 역량 과장 위험 / 민간 유사 서비스 존재 | M6: EIS로 중장년·경력단절 구직자 규모 제시 / 생성 문장마다 사용자 사실 확인 단계 / 공공 무료 + 고용24 연동으로 차별 | N6: 중~상: 개념은 민간에 일부 있으나 비공식 경력 특화 + 고용24 연계는 새로움
A7: 3 | B7: 제도 신청 동행 에이전트 | C7: 내 상황을 말하면 받을 수 있는 고용 제도를 찾고, 신청 완료까지 서류·단계·흔한 반려 사유를 체크 | D7: P2, P1, P3 | E7: 실직자, 육아휴직 예정자, 구직 청년 | F7: ① 상황 대화 → 제도 후보(실업급여·국민취업지원제도·내일배움카드·육아휴직급여) ② 자격 조건 체크리스트 ③ 서류 목록 + 고용24 메뉴 바로가기 ④ 흔한 반려 사유 사전 점검 | G7: 대화형 상황 파악, 제도 문서 기반 답변(RAG), 체크리스트 생성 | H7: 고용24 정책·제도 안내, 공공데이터포털 공공서비스(보조금24) 정보, 법령 OpenAPI | I7: 정부24 혜택알리미·보조금24, 1350 챗봇, 국가 고용서비스 혁신방안('나만의 AI 고용센터') | J7: 조회·Q&A가 아니라 '신청 완료까지 동행'과 반려 사유 사전 점검 | K7: 대상이 가장 넓음 / 누구나 이해하기 쉬움 | L7: 가장 흔한 유형(정책 챗봇)이라 다른 팀과 겹칠 확률 높음 / 정부가 직접 AI 고용센터로 개편 중 / 수급 자격 판단 오류 위험 | M7: '반려 사유 점검' 같은 좁고 날카로운 기능 하나로 범위 축소 | N7: 낮음~중
A8: 4 | B8: 우리 동네 일자리 브리핑 | C8: "천안 요양보호사 구인 늘었어?"처럼 물으면 AI가 EIS 통계를 조회해 차트와 쉬운 해설로 답하는 대화형 노동시장 정보 | D8: P6 | E8: 구직자, 진로 고민 청년, 소상공인, 상담사 | F8: ① 자연어 질문 → 지역·직종·기간 파라미터 추출 ② EIS/ELDS API 호출 ③ 차트 + 3줄 해설 ④ 관련 공고·훈련 연결 | G8: 자연어를 API 파라미터로 변환(도구 호출), 통계 해설 생성 | H8: EIS OpenAPI(구인·구직·고용보험), ELDS, 채용정보 OpenAPI | I8: EIS 웹사이트(표·필터), 잡케어 취업시장 정보 | J8: 전문가용 통계를 대화형·쉬운말로 개인에게 번역 | K8: 지정 데이터(EIS·ELDS)를 직접 써서 데이터 활용 점수 최상 | L8: '통계 조회'는 체감도가 약해 보임 / API 구조 파악·정합성 작업 필요 / 수치 환각 위험 | M8: 수치는 API 원값만 표시하고 LLM은 해설만 담당 / '이 직종에 도전할까?' 같은 개인 의사결정으로 연결 | N8: 중
A9: 5 | B9: 음성·쉬운말 고용24 | C9: 디지털 약자가 말로 묻고 답하며 일자리 검색·절차를 안내받는 음성 에이전트 | D9: P7, P1 | E9: 고령자, 저문해자, 시각장애인, 외국인 | F9: ① 음성 입력(브라우저 음성인식) ② 의도 파악 → 공고 검색 ③ 결과를 쉬운말로 요약해 음성 출력 | G9: 음성 인식·합성, 쉬운말 변환, 의도 파악 | H9: 채용정보 OpenAPI | I9: 1350 전화상담·챗봇, 고용센터 방문 | J9: 화면 메뉴 대신 음성 대화로 이용 | K9: 포용성·공공성 명분 강함 | L9: 음성 인식 정확도·시연 불안정 / 데이터 활용 약함 / 개인이 2주에 품질 확보 어려움 | M9: 쉬운말 텍스트 모드를 기본, 음성은 부가 기능으로 | N9: 중
A10: 6 | B10: 역량 갭 → 훈련 연결 | C10: 이력서와 희망 공고를 비교해 부족 역량을 찾고 내일배움카드 훈련과정·자격증 추천 | D10: P8 | E10: 구직자 | F10: 이력서·공고 비교 → 부족 역량 → 훈련과정 추천 | G10: 역량 비교·추천 설명 | H10: 채용정보·직업정보·훈련과정 API | I10: 고용24 취업확률 기반 구직컨설팅(2026.6 출시), 사람인 이력서 코칭 | J10: 거의 없음 | K10: 데이터 결합은 우수 | L10: 2026.6 출시된 고용24 서비스와 사실상 같아 심사에서 '이미 있음' 판정 위험 큼 | M10: 제외 권장(또는 2번의 후속 단계로 흡수) | N10: 낮음
A11: 7 | B11: 소상공인 구인공고 도우미 | C11: 몇 줄 입력하면 공고 작성 + 적정 임금 + 고용장려금 안내 | D11: P9 | E11: 소상공인 | F11: 공고 자동 작성, 적정 임금 제시 | G11: 공고 문장 생성, 임금 제안 | H11: 채용정보 API, EIS 임금 통계 | I11: 고용24 채용확률 기반 구인컨설팅·AI 구인공고 작성·AI 인재추천(2026.6 출시) | J11: 거의 없음 | K11: 구현 쉬움 | L11: 2026.6 출시된 고용24 서비스와 중복 | M11: 제외 권장 | N11: 낮음

Sheet 4_평가점수
A1: 4. 심사 기준별 평가 점수 (1~5점)
A2: 노란 칸(가중치)과 파란 글씨(점수)는 수정 가능. 공식 심사 기준이 공개되지 않아 포스터 문구 기반으로 추정한 가중치임 → 홈페이지 확인 후 수정
A4: 번호 | B4: 아이디어 | C4: 국민 체감도 | D4: AI 필연성 | E4: 데이터 활용 | F4: 독창성·창의성 | G4: 구현 가능성 (개인 2주) | H4: 고용24 연계·확산성 | I4: 가중 총점 | J4: 순위 | K4: 판정 | L4: 점수 근거
B5: 가중치(합계 100%) | C5: 0.25 | D5: 0.15 | E5: 0.15 | F5: 0.2 | G5: 0.15 | H5: 0.1 | I5: =SUM(C5:H5) | J5: =IF(ROUND(I5,4)=1,"합계 OK","합계≠100%")
A6: 1 | B6: 공고·계약 조건 비교 체커 | C6: 5 | D6: 5 | E6: 4 | F6: 4 | G6: 4 | H6: 5 | I6: =SUMPRODUCT(C6:H6,$C$5:$H$5) | J6: =RANK(I6,$I$6:$I$12,0)+COUNTIF($I$6:I6,I6)-1 | K6: =IF(F6<=1,"제외 권장(기존 서비스 중복)",IF(J6<=2,"추천",IF(J6<=4,"보류","비추천"))) | L6: 체감: 금전 피해 예방, 청년·알바 등 대상 넓음 / AI: 문서 이미지 판독·비교 해설은 생성형 AI가 핵심 / 데이터: 채용정보 API + EIS 임금 + 최저임금 + 법령 / 독창성: 행정용 검증은 있으나 구직자·계약 시점 교차 비교는 없음 / 구현: 화면 2~3개, 법 기준은 규칙 기반 / 연계: 거짓 구인광고 대응·직업안정법 개정과 정책 방향 일치
A7: 2 | B7: 경력 번역기 | C7: 4 | D7: 5 | E7: 3 | F7: 4 | G7: 5 | H7: 4 | I7: =SUMPRODUCT(C7:H7,$C$5:$H$5) | J7: =RANK(I7,$I$6:$I$12,0)+COUNTIF($I$6:I7,I7)-1 | K7: =IF(F7<=1,"제외 권장(기존 서비스 중복)",IF(J7<=2,"추천",IF(J7<=4,"보류","비추천"))) | L7: 체감: 중장년·경력단절에 강하나 대상 한정 / AI: 비정형 서술 → 역량 번역은 생성형 AI 고유 영역 / 데이터: 직업정보·채용정보 API 중심 / 독창성: 민간 유사 서비스 있으나 비공식 경력 특화는 새로움 / 구현: LLM + API 하나로 가능 / 연계: 기존 고용24 AI의 앞단 입력으로 연결
A8: 3 | B8: 제도 신청 동행 에이전트 | C8: 5 | D8: 3 | E8: 3 | F8: 2 | G8: 4 | H8: 4 | I8: =SUMPRODUCT(C8:H8,$C$5:$H$5) | J8: =RANK(I8,$I$6:$I$12,0)+COUNTIF($I$6:I8,I8)-1 | K8: =IF(F8<=1,"제외 권장(기존 서비스 중복)",IF(J8<=2,"추천",IF(J8<=4,"보류","비추천"))) | L8: 체감: 대상 가장 넓음 / AI: 일반 RAG 챗봇 수준 / 데이터: 제도 문서 중심, 지정 데이터 활용 약함 / 독창성: 혜택알리미·1350 챗봇·AI 고용센터 개편과 겹침 / 구현: 무난 / 연계: 고용24 메뉴 연결은 쉬움
A9: 4 | B9: 우리 동네 일자리 브리핑 | C9: 3 | D9: 4 | E9: 5 | F9: 3 | G9: 3 | H9: 3 | I9: =SUMPRODUCT(C9:H9,$C$5:$H$5) | J9: =RANK(I9,$I$6:$I$12,0)+COUNTIF($I$6:I9,I9)-1 | K9: =IF(F9<=1,"제외 권장(기존 서비스 중복)",IF(J9<=2,"추천",IF(J9<=4,"보류","비추천"))) | L9: 체감: 정보 제공형이라 체감 약함 / AI: 자연어 → API 도구 호출 / 데이터: EIS·ELDS 직접 활용으로 최상 / 독창성: 중간 / 구현: API 구조 파악 부담 / 연계: 보조 기능 수준
A10: 5 | B10: 음성·쉬운말 고용24 | C10: 4 | D10: 4 | E10: 2 | F10: 3 | G10: 2 | H10: 3 | I10: =SUMPRODUCT(C10:H10,$C$5:$H$5) | J10: =RANK(I10,$I$6:$I$12,0)+COUNTIF($I$6:I10,I10)-1 | K10: =IF(F10<=1,"제외 권장(기존 서비스 중복)",IF(J10<=2,"추천",IF(J10<=4,"보류","비추천"))) | L10: 체감: 디지털 약자에게 큼 / AI: 음성·쉬운말 변환 / 데이터: 채용정보 API 하나 / 독창성: 중간 / 구현: 음성 품질·시연 안정성 위험 / 연계: 보조 기능
A11: 6 | B11: 역량 갭 → 훈련 연결 | C11: 4 | D11: 3 | E11: 5 | F11: 1 | G11: 3 | H11: 3 | I11: =SUMPRODUCT(C11:H11,$C$5:$H$5) | J11: =RANK(I11,$I$6:$I$12,0)+COUNTIF($I$6:I11,I11)-1 | K11: =IF(F11<=1,"제외 권장(기존 서비스 중복)",IF(J11<=2,"추천",IF(J11<=4,"보류","비추천"))) | L11: 독창성: 2026.6 출시 '취업확률 기반 구직컨설팅'과 사실상 동일 → 제외 권장
A12: 7 | B12: 소상공인 구인공고 도우미 | C12: 3 | D12: 4 | E12: 3 | F12: 1 | G12: 4 | H12: 2 | I12: =SUMPRODUCT(C12:H12,$C$5:$H$5) | J12: =RANK(I12,$I$6:$I$12,0)+COUNTIF($I$6:I12,I12)-1 | K12: =IF(F12<=1,"제외 권장(기존 서비스 중복)",IF(J12<=2,"추천",IF(J12<=4,"보류","비추천"))) | L12: 독창성: 2026.6 출시 '채용확률 기반 구인컨설팅·AI 공고작성'과 중복 → 제외 권장
B14: 점수 기준(1~5): 5 매우 높음 · 4 높음 · 3 보통 · 2 낮음 · 1 매우 낮음
B15: 국민 체감도: 문제를 겪는 사람이 얼마나 많고, 해결됐을 때 삶에 얼마나 직접적인가
B16: AI 필연성: 생성형 AI 없이는 구현이 어렵거나 품질이 크게 떨어지는가
B17: 데이터 활용: 고용24 OpenAPI·EIS·ELDS·공공데이터포털을 실제로, 의미 있게 쓰는가
B18: 독창성·창의성: 기존 공공·민간 서비스(2_기존서비스 시트)와 겹치지 않고 새로운 관점인가
B19: 구현 가능성: 개인이 2주 안에 핵심 기능을 실제 작동 수준으로 만들 수 있는가(2차 '기능심사' 대비)
B20: 고용24 연계·확산성: 고용24에 그대로 탑재하거나 정책 방향과 맞물려 확산될 수 있는가
B21: 판정 규칙: 독창성 1점 = 제외 권장 / 나머지는 순위 1~2 추천, 3~4 보류, 5 이하 비추천

Sheet 5_출처
A1: 5. 출처 (조사일 2026-09-29)
A3: 분류 | B3: 자료 | C3: URL
A4: 공모전 | B4: 공모전 포스터(첨부 PDF) | C4: 사용자 제공 파일
A5: 공모전 | B5: 중부대 게시판 - 고용24 국민참여 AI 고용서비스 발굴 온라인 해커톤 모집 | C5: https://joongbu.ac.kr/board.es?act=view&bid=0025&list_no=355784&mid=a10504050000
A6: 고용24 AI 3종 | B6: 헤럴드경제 - 고용24 맞춤형 AI 고용서비스 3종 공개(2026.6.29) | C6: https://biz.heraldcorp.com/article/10791088
A7: 고용24 AI 3종 | B7: 아주경제 - 구직자에 취업확률, 기업에 채용 피드백 제공(2026.6.29) | C7: https://www.ajunews.com/view/20260629114457616
A8: 고용24 AI 3종 | B8: 메트로서울 - AI가 취업확률 진단하고 자격증 추천 | C8: https://www.metroseoul.co.kr/article/20260629500105
A9: 고용24 AI 3종 | B9: 뉴스핌 - 2개월 내 취업할 확률은…고용24에서 확인 | C9: https://www.newspim.com/news/view/20260629000233
A10: AI 인재추천 | B10: 데일리안 - 고용24 AI 인재추천 고도화 | C10: https://www.dailian.co.kr/news/view/1626894
A11: 고용24 불편 | B11: 네이트뉴스 - 정부 '고용24', 잦은 에러·불편함에 이용자 성토(2024.10.7) | C11: https://news.nate.com/view/20241007n03324
A12: 고용24 불편 | B12: 남도일보 - 고용24 잦은 오류에 이용자들 악평 | C12: https://www.namdonews.com/news/articleView.html?idxno=792963
A13: 고용센터 개편 | B13: 경향신문 - AI에 행정 맡기고 상담사는 구직자 만난다(2026.8.20) | C13: https://www.khan.co.kr/article/202608201637011/
A14: 고용센터 개편 | B14: 아주경제 - AI에 서류 맡기고 상담시간 4배로↑(2026.8.20) | C14: https://www.ajunews.com/view/20260820145231965
... A30: 데이터 | B30: 공공데이터포털 - 워크넷 직업정보 API | C30: https://www.data.go.kr/data/3071087/openapi.do
